dataset,algorithm,avg,max,min,recall,ivf_nprobe,epsilon,knn,n_queries,warmup_selectivity,plateau_selectivity,num_measure_runs,num_warmup_runs,avg_all,max_all,min_all
random-xs-20-angular,bsa-pdx,0.0965375,0.109,0.079,1,88,16,10,100,0.25,0.001,4,4,0.09654,0.109,0.079
random-xs-20-angular,bsa-pdx,0.090175,0.102,0.073,1,80,16,10,100,0.25,0.001,4,4,0.09018,0.102,0.073
random-xs-20-angular,bsa-pdx,0.083005,0.093,0.066,1,72,16,10,100,0.25,0.001,4,4,0.08306,0.107,0.066
random-xs-20-angular,bsa-pdx,0.0766489,0.088,0.063,1,64,16,10,100,0.25,0.001,4,4,0.07579,0.092,0.06
random-xs-20-angular,bsa-pdx,0.0695095,0.08,0.057,1,56,16,10,100,0.25,0.001,4,4,0.06838,0.08,0.053
random-xs-20-angular,bsa-pdx,0.0611141,0.068,0.049,1,48,16,10,100,0.25,0.001,4,4,0.06034,0.068,0.047
random-xs-20-angular,bsa-pdx,0.052235,0.062,0.043,1,40,16,10,100,0.25,0.001,4,4,0.05178,0.062,0.04
random-xs-20-angular,bsa-pdx,0.043,0.051,0.034,1,32,16,10,100,0.25,0.001,4,4,0.043,0.051,0.034
random-xs-20-angular,bsa-pdx,0.0384662,0.048,0.03,1,28,16,10,100,0.25,0.001,4,4,0.03849,0.049,0.03
random-xs-20-angular,bsa-pdx,0.033625,0.042,0.025,1,24,16,10,100,0.25,0.001,4,4,0.03363,0.042,0.025
random-xs-20-angular,bsa-pdx,0.0284275,0.037,0.019,1,20,16,10,100,0.25,0.001,4,4,0.02843,0.037,0.019
random-xs-20-angular,bsa-pdx,0.0230529,0.031,0.015,1,16,16,10,100,0.25,0.001,4,4,0.02303,0.032,0.014
random-xs-20-angular,bsa-pdx,0.020005,0.028,0.012,1,14,16,10,100,0.25,0.001,4,4,0.02,0.028,0.012
random-xs-20-angular,bsa-pdx,0.0169722,0.025,0.01,1,12,16,10,100,0.25,0.001,4,4,0.01708,0.026,0.01
random-xs-20-angular,bsa-pdx,0.014298,0.021,0.009,1,10,16,10,100,0.25,0.001,4,4,0.01439,0.023,0.009
random-xs-20-angular,bsa-pdx,0.012905,0.021,0.007,1,9,16,10,100,0.25,0.001,4,4,0.0129,0.021,0.007
random-xs-20-angular,bsa-pdx,0.0114075,0.018,0.006,1,8,16,10,100,0.25,0.001,4,4,0.01141,0.018,0.006
random-xs-20-angular,bsa-pdx,0.0100275,0.016,0.004,1,7,16,10,100,0.25,0.001,4,4,0.01003,0.016,0.004
random-xs-20-angular,bsa-pdx,0.00852658,0.014,0.003,1,6,16,10,100,0.25,0.001,4,4,0.008608,0.015,0.003
random-xs-20-angular,bsa-pdx,0.007,0.011,0.003,1,5,16,10,100,0.25,0.001,4,4,0.007247,0.014,0.002
random-xs-20-angular,bsa-pdx,0.005885,0.011,0.002,1,4,16,10,100,0.25,0.001,4,4,0.005885,0.011,0.002
random-xs-20-angular,bsa-pdx,0.00439,0.01,0.001,1,3,16,10,100,0.25,0.001,4,4,0.00439,0.01,0.001
random-xs-20-angular,bsa-pdx,0.0028375,0.007,0.001,1,2,16,10,100,0.25,0.001,4,4,0.002838,0.007,0.001
random-xs-20-angular,bsa-pdx,0.00144,0.003,0,0.981,1,16,10,100,0.25,0.001,4,4,0.00144,0.003,0
random-s-100-euclidean,bsa-pdx,2.09482,2.272,1.853,1,160,14,10,100,0.25,0.001,4,4,2.058,2.272,1.345
random-s-100-euclidean,bsa-pdx,1.98764,2.158,1.802,1,144,14,10,100,0.25,0.001,4,4,1.948,2.158,1.277
random-s-100-euclidean,bsa-pdx,1.86332,2.029,1.699,1,128,14,10,100,0.25,0.001,4,4,1.828,2.029,1.2
random-s-100-euclidean,bsa-pdx,1.72539,1.789,1.589,1,112,14,10,100,0.25,0.001,4,4,1.693,1.882,1.106
random-s-100-euclidean,bsa-pdx,1.65045,1.717,1.52,1,104,14,10,100,0.25,0.001,4,4,1.619,1.801,1.059
random-s-100-euclidean,bsa-pdx,1.56793,1.652,1.434,1,96,14,10,100,0.25,0.001,4,4,1.54,1.725,1.009
random-s-100-euclidean,bsa-pdx,1.48254,1.556,1.357,1,88,14,10,100,0.25,0.001,4,4,1.457,1.635,0.953
random-s-100-euclidean,bsa-pdx,1.39201,1.48,1.292,1,80,14,10,100,0.25,0.001,4,4,1.368,1.541,0.891
random-s-100-euclidean,bsa-pdx,1.29434,1.377,1.205,1,72,14,10,100,0.25,0.001,4,4,1.272,1.417,0.827
random-s-100-euclidean,bsa-pdx,1.18539,1.272,1.084,1,64,14,10,100,0.25,0.001,4,4,1.166,1.295,0.755
random-s-100-euclidean,bsa-pdx,1.06674,1.155,0.957,1,56,14,10,100,0.25,0.001,4,4,1.051,1.177,0.67
random-s-100-euclidean,bsa-pdx,0.944876,1.038,0.844,1,48,14,10,100,0.25,0.001,4,4,0.9334,1.062,0.598
random-s-100-euclidean,bsa-pdx,0.812487,0.891,0.715,1,40,14,10,100,0.25,0.001,4,4,0.8049,0.935,0.507
random-s-100-euclidean,bsa-pdx,0.674905,0.777,0.575,1,32,14,10,100,0.25,0.001,4,4,0.6688,0.777,0.426
random-s-100-euclidean,bsa-pdx,0.601054,0.686,0.503,1,28,14,10,100,0.25,0.001,4,4,0.5957,0.686,0.377
random-s-100-euclidean,bsa-pdx,0.525249,0.596,0.436,1,24,14,10,100,0.25,0.001,4,4,0.52,0.596,0.333
random-s-100-euclidean,bsa-pdx,0.446736,0.519,0.36,1,20,14,10,100,0.25,0.001,4,4,0.4431,0.519,0.274
random-s-100-euclidean,bsa-pdx,0.36462,0.447,0.292,1,16,14,10,100,0.25,0.001,4,4,0.3618,0.447,0.221
random-s-100-euclidean,bsa-pdx,0.320836,0.381,0.258,1,14,14,10,100,0.25,0.001,4,4,0.3183,0.406,0.185
random-s-100-euclidean,bsa-pdx,0.277799,0.333,0.21,1,12,14,10,100,0.25,0.001,4,4,0.2763,0.361,0.156
random-s-100-euclidean,bsa-pdx,0.23486,0.308,0.168,1,10,14,10,100,0.25,0.001,4,4,0.2331,0.308,0.139
random-s-100-euclidean,bsa-pdx,0.212315,0.281,0.144,1,9,14,10,100,0.25,0.001,4,4,0.211,0.281,0.119
random-s-100-euclidean,bsa-pdx,0.18962,0.247,0.128,1,8,14,10,100,0.25,0.001,4,4,0.1895,0.259,0.111
random-s-100-euclidean,bsa-pdx,0.165684,0.225,0.102,1,7,14,10,100,0.25,0.001,4,4,0.1664,0.238,0.102
random-s-100-euclidean,bsa-pdx,0.142904,0.199,0.084,1,6,14,10,100,0.25,0.001,4,4,0.1436,0.208,0.084
random-s-100-euclidean,bsa-pdx,0.117071,0.17,0.06,1,5,14,10,100,0.25,0.001,4,4,0.1177,0.18,0.06
random-s-100-euclidean,bsa-pdx,0.095145,0.147,0.049,1,4,14,10,100,0.25,0.001,4,4,0.09514,0.147,0.049
random-s-100-euclidean,bsa-pdx,0.0716475,0.122,0.028,1,3,14,10,100,0.25,0.001,4,4,0.07165,0.122,0.028
random-s-100-euclidean,bsa-pdx,0.0474975,0.094,0.013,1,2,14,10,100,0.25,0.001,4,4,0.0475,0.094,0.013
random-s-100-euclidean,bsa-pdx,0.02185,0.052,0.005,1,1,14,10,100,0.25,0.001,4,4,0.02185,0.052,0.005
har-561,bsa-pdx,0.254283,0.419,0.096,1,96,8,10,100,0.25,0.001,4,4,0.2543,0.419,0.096
har-561,bsa-pdx,0.252613,0.421,0.095,1,88,8,10,100,0.25,0.001,4,4,0.2526,0.421,0.095
har-561,bsa-pdx,0.250138,0.418,0.093,1,80,8,10,100,0.25,0.001,4,4,0.2501,0.418,0.093
har-561,bsa-pdx,0.24775,0.416,0.091,1,72,8,10,100,0.25,0.001,4,4,0.2477,0.416,0.091
har-561,bsa-pdx,0.244127,0.413,0.088,1,64,8,10,100,0.25,0.001,4,4,0.2441,0.413,0.088
har-561,bsa-pdx,0.240842,0.408,0.085,1,56,8,10,100,0.25,0.001,4,4,0.2408,0.408,0.085
har-561,bsa-pdx,0.236673,0.403,0.084,1,48,8,10,100,0.25,0.001,4,4,0.2367,0.403,0.084
har-561,bsa-pdx,0.230582,0.394,0.082,1,40,8,10,100,0.25,0.001,4,4,0.2306,0.394,0.082
har-561,bsa-pdx,0.222315,0.384,0.078,1,32,8,10,100,0.25,0.001,4,4,0.2223,0.384,0.078
har-561,bsa-pdx,0.215562,0.372,0.076,1,28,8,10,100,0.25,0.001,4,4,0.2156,0.372,0.076
har-561,bsa-pdx,0.205625,0.354,0.071,1,24,8,10,100,0.25,0.001,4,4,0.2056,0.354,0.071
har-561,bsa-pdx,0.19272,0.323,0.068,1,20,8,10,100,0.25,0.001,4,4,0.1927,0.323,0.068
har-561,bsa-pdx,0.176443,0.295,0.063,0.997,16,8,10,100,0.25,0.001,4,4,0.1764,0.295,0.063
har-561,bsa-pdx,0.166795,0.268,0.062,0.99,14,8,10,100,0.25,0.001,4,4,0.1668,0.268,0.062
har-561,bsa-pdx,0.155908,0.24,0.06,0.985,12,8,10,100,0.25,0.001,4,4,0.1559,0.24,0.06
har-561,bsa-pdx,0.14318,0.221,0.057,0.972,10,8,10,100,0.25,0.001,4,4,0.1432,0.221,0.057
har-561,bsa-pdx,0.136197,0.205,0.055,0.961,9,8,10,100,0.25,0.001,4,4,0.1362,0.205,0.055
har-561,bsa-pdx,0.128615,0.194,0.054,0.951,8,8,10,100,0.25,0.001,4,4,0.1286,0.194,0.054
har-561,bsa-pdx,0.120648,0.178,0.052,0.945,7,8,10,100,0.25,0.001,4,4,0.1206,0.178,0.052
har-561,bsa-pdx,0.111533,0.163,0.051,0.918,6,8,10,100,0.25,0.001,4,4,0.1115,0.163,0.051
har-561,bsa-pdx,0.10241,0.156,0.05,0.892,5,8,10,100,0.25,0.001,4,4,0.1024,0.156,0.05
har-561,bsa-pdx,0.0921325,0.146,0.046,0.86,4,8,10,100,0.25,0.001,4,4,0.09213,0.146,0.046
har-561,bsa-pdx,0.0809874,0.125,0.043,0.813,3,8,10,100,0.25,0.001,4,4,0.08147,0.129,0.043
har-561,bsa-pdx,0.0678182,0.103,0.034,0.719,2,8,10,100,0.25,0.001,4,4,0.06826,0.113,0.034
har-561,bsa-pdx,0.0519072,0.074,0.029,0.553,1,8,10,100,0.25,0.001,4,4,0.05277,0.081,0.029
nytimes-16-angular,bsa-pdx,0.894753,0.91,0.876,0.989,160,14,10,100,0.25,0.001,4,4,0.8831,0.91,0.782
nytimes-16-angular,bsa-pdx,0.806056,0.825,0.785,0.989,144,14,10,100,0.25,0.001,4,4,0.7962,0.833,0.704
nytimes-16-angular,bsa-pdx,0.716318,0.731,0.698,0.989,128,14,10,100,0.25,0.001,4,4,0.7081,0.735,0.625
nytimes-16-angular,bsa-pdx,0.627026,0.638,0.61,0.987,112,14,10,100,0.25,0.001,4,4,0.6204,0.648,0.551
nytimes-16-angular,bsa-pdx,0.582616,0.593,0.565,0.987,104,14,10,100,0.25,0.001,4,4,0.5766,0.593,0.511
nytimes-16-angular,bsa-pdx,0.538399,0.55,0.525,0.986,96,14,10,100,0.25,0.001,4,4,0.533,0.553,0.47
nytimes-16-angular,bsa-pdx,0.493754,0.509,0.476,0.986,88,14,10,100,0.25,0.001,4,4,0.4889,0.509,0.429
nytimes-16-angular,bsa-pdx,0.448864,0.462,0.432,0.985,80,14,10,100,0.25,0.001,4,4,0.4449,0.462,0.392
nytimes-16-angular,bsa-pdx,0.404173,0.416,0.391,0.982,72,14,10,100,0.25,0.001,4,4,0.4007,0.416,0.354
nytimes-16-angular,bsa-pdx,0.358986,0.372,0.345,0.976,64,14,10,100,0.25,0.001,4,4,0.3563,0.372,0.312
nytimes-16-angular,bsa-pdx,0.314386,0.325,0.301,0.972,56,14,10,100,0.25,0.001,4,4,0.3122,0.325,0.272
nytimes-16-angular,bsa-pdx,0.269556,0.282,0.257,0.964,48,14,10,100,0.25,0.001,4,4,0.2677,0.282,0.234
nytimes-16-angular,bsa-pdx,0.225038,0.236,0.213,0.949,40,14,10,100,0.25,0.001,4,4,0.2236,0.236,0.196
nytimes-16-angular,bsa-pdx,0.180061,0.189,0.17,0.926,32,14,10,100,0.25,0.001,4,4,0.179,0.189,0.157
nytimes-16-angular,bsa-pdx,0.157674,0.167,0.15,0.911,28,14,10,100,0.25,0.001,4,4,0.1567,0.17,0.137
nytimes-16-angular,bsa-pdx,0.135211,0.142,0.129,0.895,24,14,10,100,0.25,0.001,4,4,0.1345,0.144,0.118
nytimes-16-angular,bsa-pdx,0.11271,0.118,0.107,0.868,20,14,10,100,0.25,0.001,4,4,0.1124,0.121,0.099
nytimes-16-angular,bsa-pdx,0.0904219,0.096,0.085,0.821,16,14,10,100,0.25,0.001,4,4,0.09016,0.097,0.08
nytimes-16-angular,bsa-pdx,0.0789674,0.083,0.075,0.786,14,14,10,100,0.25,0.001,4,4,0.07885,0.087,0.07
nytimes-16-angular,bsa-pdx,0.0676951,0.073,0.062,0.761,12,14,10,100,0.25,0.001,4,4,0.06763,0.075,0.06
nytimes-16-angular,bsa-pdx,0.0564543,0.062,0.051,0.727,10,14,10,100,0.25,0.001,4,4,0.05642,0.063,0.05
nytimes-16-angular,bsa-pdx,0.0507221,0.055,0.047,0.707,9,14,10,100,0.25,0.001,4,4,0.05063,0.058,0.045
nytimes-16-angular,bsa-pdx,0.0450181,0.049,0.041,0.687,8,14,10,100,0.25,0.001,4,4,0.04502,0.06,0.04
nytimes-16-angular,bsa-pdx,0.0393249,0.043,0.035,0.652,7,14,10,100,0.25,0.001,4,4,0.03941,0.046,0.035
nytimes-16-angular,bsa-pdx,0.0336414,0.038,0.03,0.618,6,14,10,100,0.25,0.001,4,4,0.03365,0.04,0.029
nytimes-16-angular,bsa-pdx,0.0279171,0.032,0.025,0.585,5,14,10,100,0.25,0.001,4,4,0.02794,0.033,0.025
nytimes-16-angular,bsa-pdx,0.02211,0.026,0.019,0.545,4,14,10,100,0.25,0.001,4,4,0.02211,0.026,0.019
nytimes-16-angular,bsa-pdx,0.0164464,0.018,0.015,0.487,3,14,10,100,0.25,0.001,4,4,0.01647,0.022,0.014
nytimes-16-angular,bsa-pdx,0.0105485,0.012,0.009,0.394,2,14,10,100,0.25,0.001,4,4,0.0106,0.015,0.009
nytimes-16-angular,bsa-pdx,0.00476382,0.006,0.004,0.28,1,14,10,100,0.25,0.001,4,4,0.00478,0.008,0.004
nytimes-256-angular,bsa-pdx,14.6057,15.188,12.824,0.925,160,14,10,100,0.25,0.001,4,4,13.12,15.19,2.607
nytimes-256-angular,bsa-pdx,13.2972,13.939,11.841,0.925,144,14,10,100,0.25,0.001,4,4,11.96,13.94,2.413
nytimes-256-angular,bsa-pdx,11.9213,12.622,10.714,0.923,128,14,10,100,0.25,0.001,4,4,10.73,12.62,2.233
nytimes-256-angular,bsa-pdx,10.5142,11.033,9.655,0.914,112,14,10,100,0.25,0.001,4,4,9.476,11.03,1.968
nytimes-256-angular,bsa-pdx,9.78218,10.359,8.254,0.914,104,14,10,100,0.25,0.001,4,4,8.855,10.36,1.826
nytimes-256-angular,bsa-pdx,9.07268,9.602,7.775,0.894,96,14,10,100,0.25,0.001,4,4,8.198,9.602,1.688
nytimes-256-angular,bsa-pdx,8.30408,8.755,6.779,0.893,88,14,10,100,0.25,0.001,4,4,7.543,8.755,1.551
nytimes-256-angular,bsa-pdx,7.59186,8.075,6.36,0.875,80,14,10,100,0.25,0.001,4,4,6.897,8.075,1.431
nytimes-256-angular,bsa-pdx,6.86463,7.305,5.735,0.858,72,14,10,100,0.25,0.001,4,4,6.236,7.305,1.271
nytimes-256-angular,bsa-pdx,6.12577,6.504,5.27,0.831,64,14,10,100,0.25,0.001,4,4,5.57,6.504,1.08
nytimes-256-angular,bsa-pdx,5.37266,5.792,4.303,0.822,56,14,10,100,0.25,0.001,4,4,4.903,5.792,0.96
nytimes-256-angular,bsa-pdx,4.60434,5.098,3.538,0.77,48,14,10,100,0.25,0.001,4,4,4.217,5.098,0.832
nytimes-256-angular,bsa-pdx,3.84067,4.297,2.952,0.728,40,14,10,100,0.25,0.001,4,4,3.524,4.297,0.729
nytimes-256-angular,bsa-pdx,3.07368,3.52,2.374,0.617,32,14,10,100,0.25,0.001,4,4,2.833,3.52,0.588
nytimes-256-angular,bsa-pdx,2.68679,3.058,1.946,0.594,28,14,10,100,0.25,0.001,4,4,2.485,3.058,0.516
nytimes-256-angular,bsa-pdx,2.32313,2.648,1.784,0.565,24,14,10,100,0.25,0.001,4,4,2.143,2.648,0.48
nytimes-256-angular,bsa-pdx,1.93716,2.242,1.443,0.53,20,14,10,100,0.25,0.001,4,4,1.799,2.242,0.407
nytimes-256-angular,bsa-pdx,1.55178,1.835,1.107,0.485,16,14,10,100,0.25,0.001,4,4,1.452,1.835,0.345
nytimes-256-angular,bsa-pdx,1.34166,1.597,0.9,0.459,14,14,10,100,0.25,0.001,4,4,1.277,1.597,0.317
nytimes-256-angular,bsa-pdx,1.12394,1.442,0.714,0.429,12,14,10,100,0.25,0.001,4,4,1.095,1.442,0.282
nytimes-256-angular,bsa-pdx,0.931015,1.241,0.558,0.42,10,14,10,100,0.25,0.001,4,4,0.916,1.241,0.257
nytimes-256-angular,bsa-pdx,0.83277,1.147,0.442,0.408,9,14,10,100,0.25,0.001,4,4,0.8268,1.147,0.233
nytimes-256-angular,bsa-pdx,0.745879,0.975,0.454,0.406,8,14,10,100,0.25,0.001,4,4,0.7403,1.062,0.22
nytimes-256-angular,bsa-pdx,0.654717,0.913,0.348,0.405,7,14,10,100,0.25,0.001,4,4,0.6502,0.913,0.201
nytimes-256-angular,bsa-pdx,0.560354,0.797,0.303,0.392,6,14,10,100,0.25,0.001,4,4,0.5565,0.797,0.178
nytimes-256-angular,bsa-pdx,0.464743,0.662,0.276,0.374,5,14,10,100,0.25,0.001,4,4,0.4626,0.671,0.161
nytimes-256-angular,bsa-pdx,0.375795,0.543,0.209,0.359,4,14,10,100,0.25,0.001,4,4,0.3716,0.578,0.145
nytimes-256-angular,bsa-pdx,0.278469,0.403,0.117,0.331,3,14,10,100,0.25,0.001,4,4,0.2823,0.471,0.116
nytimes-256-angular,bsa-pdx,0.185574,0.311,0.068,0.317,2,14,10,100,0.25,0.001,4,4,0.1856,0.326,0.048
nytimes-256-angular,bsa-pdx,0.0898232,0.163,0.024,0.285,1,14,10,100,0.25,0.001,4,4,0.09079,0.189,0.024
mnist-784-euclidean,bsa-pdx,0.65017,0.985,0.374,1,160,9,10,100,0.25,0.001,4,4,0.675,1.152,0.374
mnist-784-euclidean,bsa-pdx,0.622539,0.964,0.36,1,144,9,10,100,0.25,0.001,4,4,0.6423,1.11,0.36
mnist-784-euclidean,bsa-pdx,0.593436,0.925,0.345,1,128,9,10,100,0.25,0.001,4,4,0.6076,1.049,0.345
mnist-784-euclidean,bsa-pdx,0.555953,0.858,0.332,1,112,9,10,100,0.25,0.001,4,4,0.572,0.978,0.332
mnist-784-euclidean,bsa-pdx,0.538016,0.822,0.323,1,104,9,10,100,0.25,0.001,4,4,0.5535,0.944,0.323
mnist-784-euclidean,bsa-pdx,0.517454,0.779,0.319,1,96,9,10,100,0.25,0.001,4,4,0.5338,0.909,0.319
mnist-784-euclidean,bsa-pdx,0.49819,0.75,0.308,1,88,9,10,100,0.25,0.001,4,4,0.5137,0.863,0.308
mnist-784-euclidean,bsa-pdx,0.479382,0.716,0.293,1,80,9,10,100,0.25,0.001,4,4,0.4934,0.813,0.293
mnist-784-euclidean,bsa-pdx,0.462788,0.698,0.288,0.999,72,9,10,100,0.25,0.001,4,4,0.4719,0.783,0.288
mnist-784-euclidean,bsa-pdx,0.442113,0.658,0.278,0.999,64,9,10,100,0.25,0.001,4,4,0.4501,0.732,0.278
mnist-784-euclidean,bsa-pdx,0.420085,0.618,0.262,0.999,56,9,10,100,0.25,0.001,4,4,0.4276,0.689,0.262
mnist-784-euclidean,bsa-pdx,0.397152,0.58,0.25,0.998,48,9,10,100,0.25,0.001,4,4,0.404,0.646,0.25
mnist-784-euclidean,bsa-pdx,0.376823,0.585,0.233,0.998,40,9,10,100,0.25,0.001,4,4,0.379,0.595,0.233
mnist-784-euclidean,bsa-pdx,0.351872,0.543,0.215,0.997,32,9,10,100,0.25,0.001,4,4,0.3519,0.543,0.215
mnist-784-euclidean,bsa-pdx,0.336101,0.499,0.203,0.997,28,9,10,100,0.25,0.001,4,4,0.3378,0.513,0.203
mnist-784-euclidean,bsa-pdx,0.321788,0.472,0.197,0.996,24,9,10,100,0.25,0.001,4,4,0.3235,0.494,0.197
mnist-784-euclidean,bsa-pdx,0.305818,0.444,0.188,0.995,20,9,10,100,0.25,0.001,4,4,0.3073,0.465,0.188
mnist-784-euclidean,bsa-pdx,0.29046,0.418,0.178,0.989,16,9,10,100,0.25,0.001,4,4,0.2905,0.418,0.178
mnist-784-euclidean,bsa-pdx,0.279548,0.401,0.175,0.986,14,9,10,100,0.25,0.001,4,4,0.2809,0.416,0.175
mnist-784-euclidean,bsa-pdx,0.268977,0.396,0.168,0.985,12,9,10,100,0.25,0.001,4,4,0.2703,0.408,0.168
mnist-784-euclidean,bsa-pdx,0.25669,0.385,0.16,0.982,10,9,10,100,0.25,0.001,4,4,0.2591,0.405,0.16
mnist-784-euclidean,bsa-pdx,0.251548,0.384,0.157,0.979,9,9,10,100,0.25,0.001,4,4,0.253,0.394,0.157
mnist-784-euclidean,bsa-pdx,0.242908,0.38,0.155,0.975,8,9,10,100,0.25,0.001,4,4,0.2454,0.391,0.155
mnist-784-euclidean,bsa-pdx,0.234737,0.363,0.151,0.968,7,9,10,100,0.25,0.001,4,4,0.2377,0.39,0.151
mnist-784-euclidean,bsa-pdx,0.225568,0.35,0.146,0.962,6,9,10,100,0.25,0.001,4,4,0.2296,0.392,0.146
mnist-784-euclidean,bsa-pdx,0.213616,0.332,0.141,0.947,5,9,10,100,0.25,0.001,4,4,0.218,0.378,0.141
mnist-784-euclidean,bsa-pdx,0.200148,0.303,0.136,0.926,4,9,10,100,0.25,0.001,4,4,0.206,0.376,0.136
mnist-784-euclidean,bsa-pdx,0.180867,0.259,0.125,0.873,3,9,10,100,0.25,0.001,4,4,0.1891,0.365,0.125
mnist-784-euclidean,bsa-pdx,0.162095,0.241,0.116,0.775,2,9,10,100,0.25,0.001,4,4,0.169,0.335,0.116
mnist-784-euclidean,bsa-pdx,0.133808,0.181,0.086,0.537,1,9,10,100,0.25,0.001,4,4,0.1387,0.247,0.086
fashion-mnist-784-euclidean,bsa-pdx,0.837944,1.628,0.406,1,160,10,10,100,0.25,0.001,4,4,0.8609,2.13,0.406
fashion-mnist-784-euclidean,bsa-pdx,0.822082,1.621,0.39,1,144,10,10,100,0.25,0.001,4,4,0.8449,2.102,0.39
fashion-mnist-784-euclidean,bsa-pdx,0.803755,1.593,0.369,1,128,10,10,100,0.25,0.001,4,4,0.826,2.034,0.369
fashion-mnist-784-euclidean,bsa-pdx,0.785296,1.575,0.351,1,112,10,10,100,0.25,0.001,4,4,0.807,1.964,0.351
fashion-mnist-784-euclidean,bsa-pdx,0.774094,1.573,0.34,1,104,10,10,100,0.25,0.001,4,4,0.7955,1.939,0.34
fashion-mnist-784-euclidean,bsa-pdx,0.763059,1.552,0.329,1,96,10,10,100,0.25,0.001,4,4,0.7841,1.886,0.329
fashion-mnist-784-euclidean,bsa-pdx,0.751821,1.547,0.318,1,88,10,10,100,0.25,0.001,4,4,0.7725,1.846,0.318
fashion-mnist-784-euclidean,bsa-pdx,0.739671,1.537,0.308,1,80,10,10,100,0.25,0.001,4,4,0.76,1.805,0.308
fashion-mnist-784-euclidean,bsa-pdx,0.726171,1.505,0.297,1,72,10,10,100,0.25,0.001,4,4,0.746,1.759,0.297
fashion-mnist-784-euclidean,bsa-pdx,0.715528,1.624,0.284,1,64,10,10,100,0.25,0.001,4,4,0.7301,1.716,0.284
fashion-mnist-784-euclidean,bsa-pdx,0.695578,1.584,0.269,1,56,10,10,100,0.25,0.001,4,4,0.7119,1.647,0.269
fashion-mnist-784-euclidean,bsa-pdx,0.673224,1.425,0.257,1,48,10,10,100,0.25,0.001,4,4,0.6908,1.578,0.257
fashion-mnist-784-euclidean,bsa-pdx,0.665312,1.482,0.236,1,40,10,10,100,0.25,0.001,4,4,0.6653,1.482,0.236
fashion-mnist-784-euclidean,bsa-pdx,0.63308,1.365,0.22,1,32,10,10,100,0.25,0.001,4,4,0.6331,1.365,0.22
fashion-mnist-784-euclidean,bsa-pdx,0.611595,1.294,0.205,1,28,10,10,100,0.25,0.001,4,4,0.6116,1.294,0.205
fashion-mnist-784-euclidean,bsa-pdx,0.585524,1.269,0.195,1,24,10,10,100,0.25,0.001,4,4,0.5872,1.272,0.195
fashion-mnist-784-euclidean,bsa-pdx,0.549912,1.144,0.185,0.999,20,10,10,100,0.25,0.001,4,4,0.5566,1.223,0.185
fashion-mnist-784-euclidean,bsa-pdx,0.504657,0.997,0.178,0.997,16,10,10,100,0.25,0.001,4,4,0.5222,1.146,0.178
fashion-mnist-784-euclidean,bsa-pdx,0.48827,0.989,0.174,0.997,14,10,10,100,0.25,0.001,4,4,0.4992,1.06,0.174
fashion-mnist-784-euclidean,bsa-pdx,0.46703,0.935,0.167,0.995,12,10,10,100,0.25,0.001,4,4,0.4719,0.959,0.167
fashion-mnist-784-euclidean,bsa-pdx,0.428323,0.806,0.165,0.99,10,10,10,100,0.25,0.001,4,4,0.4386,0.856,0.165
fashion-mnist-784-euclidean,bsa-pdx,0.414997,0.763,0.162,0.987,9,10,10,100,0.25,0.001,4,4,0.4188,0.796,0.162
fashion-mnist-784-euclidean,bsa-pdx,0.395071,0.718,0.159,0.984,8,10,10,100,0.25,0.001,4,4,0.3988,0.773,0.159
fashion-mnist-784-euclidean,bsa-pdx,0.366332,0.655,0.156,0.98,7,10,10,100,0.25,0.001,4,4,0.3763,0.731,0.156
fashion-mnist-784-euclidean,bsa-pdx,0.337831,0.598,0.154,0.974,6,10,10,100,0.25,0.001,4,4,0.3496,0.671,0.154
fashion-mnist-784-euclidean,bsa-pdx,0.310352,0.52,0.141,0.957,5,10,10,100,0.25,0.001,4,4,0.321,0.588,0.141
fashion-mnist-784-euclidean,bsa-pdx,0.279307,0.475,0.138,0.935,4,10,10,100,0.25,0.001,4,4,0.2863,0.538,0.138
fashion-mnist-784-euclidean,bsa-pdx,0.242077,0.412,0.119,0.901,3,10,10,100,0.25,0.001,4,4,0.2466,0.454,0.119
fashion-mnist-784-euclidean,bsa-pdx,0.197442,0.335,0.117,0.811,2,10,10,100,0.25,0.001,4,4,0.1997,0.422,0.117
fashion-mnist-784-euclidean,bsa-pdx,0.14056,0.215,0.076,0.617,1,10,10,100,0.25,0.001,4,4,0.1426,0.244,0.076
glove-25-angular,bsa-pdx,3.44712,4.059,2.521,0.991,160,16,10,100,0.25,0.001,4,4,3.427,4.059,2.371
glove-25-angular,bsa-pdx,3.10638,3.779,2.238,0.99,144,16,10,100,0.25,0.001,4,4,3.096,3.779,2.054
glove-25-angular,bsa-pdx,2.77232,3.405,1.974,0.99,128,16,10,100,0.25,0.001,4,4,2.763,3.405,1.802
glove-25-angular,bsa-pdx,2.42756,3.028,1.709,0.989,112,16,10,100,0.25,0.001,4,4,2.419,3.028,1.533
glove-25-angular,bsa-pdx,2.25809,2.878,1.596,0.987,104,16,10,100,0.25,0.001,4,4,2.249,2.878,1.349
glove-25-angular,bsa-pdx,2.08462,2.651,1.415,0.983,96,16,10,100,0.25,0.001,4,4,2.076,2.651,1.218
glove-25-angular,bsa-pdx,1.91336,2.438,1.27,0.982,88,16,10,100,0.25,0.001,4,4,1.905,2.438,1.079
glove-25-angular,bsa-pdx,1.74192,2.273,1.172,0.978,80,16,10,100,0.25,0.001,4,4,1.734,2.273,0.96
glove-25-angular,bsa-pdx,1.57217,2.078,1.037,0.971,72,16,10,100,0.25,0.001,4,4,1.565,2.078,0.851
glove-25-angular,bsa-pdx,1.40289,1.851,0.888,0.968,64,16,10,100,0.25,0.001,4,4,1.396,1.851,0.713
glove-25-angular,bsa-pdx,1.23016,1.619,0.738,0.963,56,16,10,100,0.25,0.001,4,4,1.224,1.619,0.603
glove-25-angular,bsa-pdx,1.05778,1.416,0.612,0.953,48,16,10,100,0.25,0.001,4,4,1.052,1.416,0.486
glove-25-angular,bsa-pdx,0.885681,1.213,0.469,0.941,40,16,10,100,0.25,0.001,4,4,0.88,1.213,0.425
glove-25-angular,bsa-pdx,0.711115,1.013,0.427,0.926,32,16,10,100,0.25,0.001,4,4,0.7039,1.013,0.345
glove-25-angular,bsa-pdx,0.614173,0.906,0.283,0.919,28,16,10,100,0.25,0.001,4,4,0.6142,0.906,0.283
glove-25-angular,bsa-pdx,0.527107,0.774,0.256,0.904,24,16,10,100,0.25,0.001,4,4,0.5229,0.774,0.243
glove-25-angular,bsa-pdx,0.432265,0.663,0.196,0.868,20,16,10,100,0.25,0.001,4,4,0.4323,0.663,0.196
glove-25-angular,bsa-pdx,0.342657,0.499,0.157,0.848,16,16,10,100,0.25,0.001,4,4,0.345,0.577,0.157
glove-25-angular,bsa-pdx,0.299612,0.433,0.146,0.833,14,16,10,100,0.25,0.001,4,4,0.2999,0.501,0.126
glove-25-angular,bsa-pdx,0.255652,0.401,0.099,0.811,12,16,10,100,0.25,0.001,4,4,0.2576,0.452,0.099
glove-25-angular,bsa-pdx,0.214903,0.322,0.08,0.79,10,16,10,100,0.25,0.001,4,4,0.215,0.373,0.068
glove-25-angular,bsa-pdx,0.192919,0.291,0.064,0.777,9,16,10,100,0.25,0.001,4,4,0.1938,0.346,0.063
glove-25-angular,bsa-pdx,0.171402,0.275,0.057,0.764,8,16,10,100,0.25,0.001,4,4,0.1729,0.323,0.057
glove-25-angular,bsa-pdx,0.150106,0.248,0.056,0.748,7,16,10,100,0.25,0.001,4,4,0.1514,0.28,0.056
glove-25-angular,bsa-pdx,0.129371,0.229,0.045,0.715,6,16,10,100,0.25,0.001,4,4,0.1306,0.263,0.045
glove-25-angular,bsa-pdx,0.104742,0.189,0.035,0.691,5,16,10,100,0.25,0.001,4,4,0.1071,0.226,0.035
glove-25-angular,bsa-pdx,0.0821463,0.129,0.031,0.649,4,16,10,100,0.25,0.001,4,4,0.08551,0.182,0.019
glove-25-angular,bsa-pdx,0.0605747,0.107,0.011,0.573,3,16,10,100,0.25,0.001,4,4,0.06274,0.149,0.011
glove-25-angular,bsa-pdx,0.0394235,0.077,0.005,0.481,2,16,10,100,0.25,0.001,4,4,0.04058,0.101,0.005
glove-25-angular,bsa-pdx,0.0172109,0.039,0.001,0.331,1,16,10,100,0.25,0.001,4,4,0.01844,0.053,0.001
glove-50-angular,bsa-pdx,6.24456,7.564,4.407,0.993,160,12,10,100,0.25,0.001,4,4,6.245,7.564,4.407
glove-50-angular,bsa-pdx,5.65762,6.961,3.928,0.991,144,12,10,100,0.25,0.001,4,4,5.658,6.961,3.928
glove-50-angular,bsa-pdx,5.05827,6.365,3.519,0.987,128,12,10,100,0.25,0.001,4,4,5.058,6.365,3.519
glove-50-angular,bsa-pdx,4.4417,5.705,3.009,0.984,112,12,10,100,0.25,0.001,4,4,4.442,5.705,3.009
glove-50-angular,bsa-pdx,4.12961,5.318,2.775,0.982,104,12,10,100,0.25,0.001,4,4,4.13,5.318,2.775
glove-50-angular,bsa-pdx,3.82122,4.918,2.501,0.981,96,12,10,100,0.25,0.001,4,4,3.821,4.918,2.501
glove-50-angular,bsa-pdx,3.51192,4.575,2.234,0.979,88,12,10,100,0.25,0.001,4,4,3.512,4.575,2.234
glove-50-angular,bsa-pdx,3.20124,4.328,2.007,0.974,80,12,10,100,0.25,0.001,4,4,3.201,4.328,2.007
glove-50-angular,bsa-pdx,2.89422,3.826,1.818,0.972,72,12,10,100,0.25,0.001,4,4,2.894,3.826,1.818
glove-50-angular,bsa-pdx,2.57687,3.437,1.602,0.968,64,12,10,100,0.25,0.001,4,4,2.577,3.437,1.602
glove-50-angular,bsa-pdx,2.25518,3.116,1.385,0.962,56,12,10,100,0.25,0.001,4,4,2.255,3.116,1.385
glove-50-angular,bsa-pdx,1.93603,2.705,1.193,0.956,48,12,10,100,0.25,0.001,4,4,1.936,2.705,1.193
glove-50-angular,bsa-pdx,1.61822,2.296,0.863,0.944,40,12,10,100,0.25,0.001,4,4,1.618,2.296,0.863
glove-50-angular,bsa-pdx,1.29691,1.912,0.695,0.929,32,12,10,100,0.25,0.001,4,4,1.297,1.912,0.695
glove-50-angular,bsa-pdx,1.13535,1.677,0.605,0.917,28,12,10,100,0.25,0.001,4,4,1.135,1.677,0.605
glove-50-angular,bsa-pdx,0.974125,1.496,0.506,0.91,24,12,10,100,0.25,0.001,4,4,0.9741,1.496,0.506
glove-50-angular,bsa-pdx,0.806255,1.269,0.413,0.892,20,12,10,100,0.25,0.001,4,4,0.8063,1.269,0.413
glove-50-angular,bsa-pdx,0.643095,1.067,0.328,0.87,16,12,10,100,0.25,0.001,4,4,0.6431,1.067,0.328
glove-50-angular,bsa-pdx,0.564307,0.948,0.299,0.852,14,12,10,100,0.25,0.001,4,4,0.5643,0.948,0.299
glove-50-angular,bsa-pdx,0.483878,0.836,0.234,0.833,12,12,10,100,0.25,0.001,4,4,0.4839,0.836,0.234
glove-50-angular,bsa-pdx,0.400634,0.673,0.177,0.815,10,12,10,100,0.25,0.001,4,4,0.404,0.74,0.177
glove-50-angular,bsa-pdx,0.365472,0.64,0.164,0.788,9,12,10,100,0.25,0.001,4,4,0.3655,0.64,0.164
glove-50-angular,bsa-pdx,0.324377,0.566,0.152,0.763,8,12,10,100,0.25,0.001,4,4,0.3244,0.566,0.152
glove-50-angular,bsa-pdx,0.285255,0.505,0.118,0.747,7,12,10,100,0.25,0.001,4,4,0.2853,0.505,0.118
glove-50-angular,bsa-pdx,0.244115,0.439,0.097,0.721,6,12,10,100,0.25,0.001,4,4,0.2441,0.439,0.097
glove-50-angular,bsa-pdx,0.202492,0.373,0.066,0.685,5,12,10,100,0.25,0.001,4,4,0.2025,0.373,0.066
glove-50-angular,bsa-pdx,0.163155,0.299,0.032,0.658,4,12,10,100,0.25,0.001,4,4,0.1632,0.299,0.032
glove-50-angular,bsa-pdx,0.120509,0.234,0.024,0.604,3,12,10,100,0.25,0.001,4,4,0.1227,0.254,0.024
glove-50-angular,bsa-pdx,0.0811425,0.159,0.015,0.514,2,12,10,100,0.25,0.001,4,4,0.08114,0.159,0.015
glove-50-angular,bsa-pdx,0.0377893,0.091,0.001,0.382,1,12,10,100,0.25,0.001,4,4,0.03861,0.093,0.001
glove-100-angular,bsa-pdx,13.5013,15.722,10.399,0.99,160,12,10,100,0.25,0.001,4,4,13.45,15.72,8.341
glove-100-angular,bsa-pdx,12.2537,14.533,9.355,0.989,144,12,10,100,0.25,0.001,4,4,12.2,14.53,7.31
glove-100-angular,bsa-pdx,10.9877,13.027,8.568,0.985,128,12,10,100,0.25,0.001,4,4,10.94,13.03,6.553
glove-100-angular,bsa-pdx,9.6922,11.892,7.388,0.981,112,12,10,100,0.25,0.001,4,4,9.652,11.89,5.666
glove-100-angular,bsa-pdx,9.03705,11.147,6.981,0.973,104,12,10,100,0.25,0.001,4,4,8.999,11.15,5.214
glove-100-angular,bsa-pdx,8.36586,10.26,6.31,0.969,96,12,10,100,0.25,0.001,4,4,8.331,10.26,4.92
glove-100-angular,bsa-pdx,7.69363,9.464,5.634,0.964,88,12,10,100,0.25,0.001,4,4,7.662,9.464,4.478
glove-100-angular,bsa-pdx,7.0325,8.66,4.987,0.96,80,12,10,100,0.25,0.001,4,4,7.003,8.66,4.046
glove-100-angular,bsa-pdx,6.36421,7.946,4.584,0.953,72,12,10,100,0.25,0.001,4,4,6.336,7.946,3.553
glove-100-angular,bsa-pdx,5.66779,7.372,4.046,0.937,64,12,10,100,0.25,0.001,4,4,5.643,7.372,3.137
glove-100-angular,bsa-pdx,4.9607,6.493,2.807,0.928,56,12,10,100,0.25,0.001,4,4,4.961,6.493,2.807
glove-100-angular,bsa-pdx,4.25282,5.704,2.406,0.912,48,12,10,100,0.25,0.001,4,4,4.253,5.704,2.406
glove-100-angular,bsa-pdx,3.55723,5.027,2.04,0.896,40,12,10,100,0.25,0.001,4,4,3.557,5.027,2.04
glove-100-angular,bsa-pdx,2.85984,4.04,1.549,0.87,32,12,10,100,0.25,0.001,4,4,2.86,4.04,1.549
glove-100-angular,bsa-pdx,2.50442,3.603,1.39,0.861,28,12,10,100,0.25,0.001,4,4,2.504,3.603,1.39
glove-100-angular,bsa-pdx,2.1369,3.089,1.204,0.851,24,12,10,100,0.25,0.001,4,4,2.137,3.089,1.204
glove-100-angular,bsa-pdx,1.7763,2.591,0.927,0.828,20,12,10,100,0.25,0.001,4,4,1.776,2.591,0.927
glove-100-angular,bsa-pdx,1.42471,2.025,0.759,0.802,16,12,10,100,0.25,0.001,4,4,1.425,2.025,0.759
glove-100-angular,bsa-pdx,1.23934,1.865,0.649,0.79,14,12,10,100,0.25,0.001,4,4,1.239,1.865,0.649
glove-100-angular,bsa-pdx,1.05248,1.663,0.511,0.766,12,12,10,100,0.25,0.001,4,4,1.052,1.663,0.511
glove-100-angular,bsa-pdx,0.869645,1.392,0.394,0.732,10,12,10,100,0.25,0.001,4,4,0.8696,1.392,0.394
glove-100-angular,bsa-pdx,0.786728,1.356,0.364,0.724,9,12,10,100,0.25,0.001,4,4,0.7867,1.356,0.364
glove-100-angular,bsa-pdx,0.694662,1.175,0.32,0.71,8,12,10,100,0.25,0.001,4,4,0.6947,1.175,0.32
glove-100-angular,bsa-pdx,0.604235,1.01,0.265,0.693,7,12,10,100,0.25,0.001,4,4,0.6042,1.01,0.265
glove-100-angular,bsa-pdx,0.516735,0.917,0.191,0.673,6,12,10,100,0.25,0.001,4,4,0.5167,0.917,0.191
glove-100-angular,bsa-pdx,0.436972,0.763,0.182,0.655,5,12,10,100,0.25,0.001,4,4,0.437,0.763,0.182
glove-100-angular,bsa-pdx,0.34892,0.647,0.137,0.61,4,12,10,100,0.25,0.001,4,4,0.3489,0.647,0.137
glove-100-angular,bsa-pdx,0.258624,0.49,0.08,0.568,3,12,10,100,0.25,0.001,4,4,0.2614,0.539,0.08
glove-100-angular,bsa-pdx,0.178932,0.35,0.036,0.495,2,12,10,100,0.25,0.001,4,4,0.1789,0.35,0.036
glove-100-angular,bsa-pdx,0.0889386,0.203,0.001,0.379,1,12,10,100,0.25,0.001,4,4,0.09162,0.215,0.001
glove-200-angular,bsa-pdx,38.2829,42.525,31.411,0.975,160,16,10,100,0.25,0.001,4,4,37.7,42.52,20.12
glove-200-angular,bsa-pdx,34.8596,39.096,28.681,0.972,144,16,10,100,0.25,0.001,4,4,34.25,39.1,17.53
glove-200-angular,bsa-pdx,31.2197,35.934,25.759,0.965,128,16,10,100,0.25,0.001,4,4,30.66,35.93,15.51
glove-200-angular,bsa-pdx,27.4936,31.812,22.001,0.948,112,16,10,100,0.25,0.001,4,4,27.05,31.81,13.56
glove-200-angular,bsa-pdx,25.7209,29.442,21.637,0.939,104,16,10,100,0.25,0.001,4,4,25.2,29.44,12.56
glove-200-angular,bsa-pdx,23.7955,27.615,19.2,0.928,96,16,10,100,0.25,0.001,4,4,23.35,27.61,11.32
glove-200-angular,bsa-pdx,21.7913,25.432,17.177,0.914,88,16,10,100,0.25,0.001,4,4,21.43,25.43,10.06
glove-200-angular,bsa-pdx,19.8479,23.361,15.248,0.891,80,16,10,100,0.25,0.001,4,4,19.56,23.36,9.036
glove-200-angular,bsa-pdx,17.9689,21.178,13.586,0.877,72,16,10,100,0.25,0.001,4,4,17.71,21.18,8.279
glove-200-angular,bsa-pdx,15.9371,19.059,11.558,0.852,64,16,10,100,0.25,0.001,4,4,15.75,19.06,7.65
glove-200-angular,bsa-pdx,13.8787,16.579,9.852,0.808,56,16,10,100,0.25,0.001,4,4,13.76,16.58,6.727
glove-200-angular,bsa-pdx,11.9058,14.405,8.152,0.767,48,16,10,100,0.25,0.001,4,4,11.75,14.4,5.822
glove-200-angular,bsa-pdx,9.93615,12.526,6.477,0.741,40,16,10,100,0.25,0.001,4,4,9.8,12.53,4.502
glove-200-angular,bsa-pdx,7.89331,10.502,4.914,0.693,32,16,10,100,0.25,0.001,4,4,7.78,10.5,3.872
glove-200-angular,bsa-pdx,6.89041,9.349,4.892,0.669,28,16,10,100,0.25,0.001,4,4,6.79,9.467,3.428
glove-200-angular,bsa-pdx,5.84659,8.281,3.399,0.638,24,16,10,100,0.25,0.001,4,4,5.784,8.281,2.684
glove-200-angular,bsa-pdx,4.84412,7.328,2.346,0.597,20,16,10,100,0.25,0.001,4,4,4.816,7.328,2.031
glove-200-angular,bsa-pdx,3.87134,5.642,1.553,0.544,16,16,10,100,0.25,0.001,4,4,3.871,5.642,1.553
glove-200-angular,bsa-pdx,3.379,4.921,1.323,0.522,14,16,10,100,0.25,0.001,4,4,3.379,4.921,1.323
glove-200-angular,bsa-pdx,2.88662,4.526,1.169,0.508,12,16,10,100,0.25,0.001,4,4,2.887,4.526,1.169
glove-200-angular,bsa-pdx,2.41618,3.838,0.965,0.472,10,16,10,100,0.25,0.001,4,4,2.416,3.838,0.965
glove-200-angular,bsa-pdx,2.17733,3.681,0.892,0.466,9,16,10,100,0.25,0.001,4,4,2.177,3.681,0.892
glove-200-angular,bsa-pdx,1.94266,3.135,0.747,0.458,8,16,10,100,0.25,0.001,4,4,1.943,3.135,0.747
glove-200-angular,bsa-pdx,1.71094,2.77,0.523,0.44,7,16,10,100,0.25,0.001,4,4,1.711,2.77,0.523
glove-200-angular,bsa-pdx,1.45374,2.547,0.464,0.433,6,16,10,100,0.25,0.001,4,4,1.454,2.547,0.464
glove-200-angular,bsa-pdx,1.20856,2.067,0.408,0.411,5,16,10,100,0.25,0.001,4,4,1.209,2.067,0.408
glove-200-angular,bsa-pdx,0.96035,1.686,0.314,0.386,4,16,10,100,0.25,0.001,4,4,0.9604,1.686,0.314
glove-200-angular,bsa-pdx,0.712321,1.385,0.127,0.362,3,16,10,100,0.25,0.001,4,4,0.7208,1.579,0.127
glove-200-angular,bsa-pdx,0.465644,1.007,0.062,0.307,2,16,10,100,0.25,0.001,4,4,0.4721,1.114,0.062
glove-200-angular,bsa-pdx,0.232403,0.509,0.013,0.244,1,16,10,100,0.25,0.001,4,4,0.2424,0.733,0.013
sift-128-euclidean,bsa-pdx,5.09392,7.658,1.594,0.998,160,8,10,100,0.25,0.001,4,4,5.094,7.658,1.594
sift-128-euclidean,bsa-pdx,4.76404,7.153,1.508,0.998,144,8,10,100,0.25,0.001,4,4,4.764,7.153,1.508
sift-128-euclidean,bsa-pdx,4.37446,6.605,1.333,0.998,128,8,10,100,0.25,0.001,4,4,4.374,6.605,1.333
sift-128-euclidean,bsa-pdx,3.99187,6.062,1.186,0.997,112,8,10,100,0.25,0.001,4,4,3.992,6.062,1.186
sift-128-euclidean,bsa-pdx,3.79017,5.813,1.175,0.997,104,8,10,100,0.25,0.001,4,4,3.79,5.813,1.175
sift-128-euclidean,bsa-pdx,3.57321,5.517,1.093,0.997,96,8,10,100,0.25,0.001,4,4,3.573,5.517,1.093
sift-128-euclidean,bsa-pdx,3.38571,5.206,1.191,0.997,88,8,10,100,0.25,0.001,4,4,3.362,5.206,1.034
sift-128-euclidean,bsa-pdx,3.138,4.923,1.07,0.996,80,8,10,100,0.25,0.001,4,4,3.116,4.923,0.894
sift-128-euclidean,bsa-pdx,2.93526,4.56,1.187,0.996,72,8,10,100,0.25,0.001,4,4,2.896,4.56,0.876
sift-128-euclidean,bsa-pdx,2.6518,4.238,0.951,0.994,64,8,10,100,0.25,0.001,4,4,2.633,4.238,0.807
sift-128-euclidean,bsa-pdx,2.38659,3.771,0.729,0.993,56,8,10,100,0.25,0.001,4,4,2.374,3.771,0.722
sift-128-euclidean,bsa-pdx,2.13455,3.375,0.752,0.991,48,8,10,100,0.25,0.001,4,4,2.12,3.375,0.645
sift-128-euclidean,bsa-pdx,1.78661,2.863,0.528,0.983,40,8,10,100,0.25,0.001,4,4,1.783,2.863,0.526
sift-128-euclidean,bsa-pdx,1.49447,2.395,0.44,0.974,32,8,10,100,0.25,0.001,4,4,1.494,2.395,0.44
sift-128-euclidean,bsa-pdx,1.33685,2.167,0.394,0.966,28,8,10,100,0.25,0.001,4,4,1.337,2.167,0.394
sift-128-euclidean,bsa-pdx,1.179,1.941,0.351,0.957,24,8,10,100,0.25,0.001,4,4,1.179,1.941,0.351
sift-128-euclidean,bsa-pdx,1.02099,1.71,0.298,0.944,20,8,10,100,0.25,0.001,4,4,1.021,1.71,0.298
sift-128-euclidean,bsa-pdx,0.84661,1.42,0.249,0.931,16,8,10,100,0.25,0.001,4,4,0.8466,1.42,0.249
sift-128-euclidean,bsa-pdx,0.756907,1.328,0.223,0.912,14,8,10,100,0.25,0.001,4,4,0.7569,1.328,0.223
sift-128-euclidean,bsa-pdx,0.662865,1.173,0.203,0.899,12,8,10,100,0.25,0.001,4,4,0.6629,1.173,0.203
sift-128-euclidean,bsa-pdx,0.564515,0.993,0.172,0.88,10,8,10,100,0.25,0.001,4,4,0.5692,1.038,0.172
sift-128-euclidean,bsa-pdx,0.517747,0.892,0.15,0.867,9,8,10,100,0.25,0.001,4,4,0.5222,0.962,0.15
sift-128-euclidean,bsa-pdx,0.470503,0.837,0.135,0.843,8,8,10,100,0.25,0.001,4,4,0.4747,0.888,0.135
sift-128-euclidean,bsa-pdx,0.422472,0.743,0.118,0.816,7,8,10,100,0.25,0.001,4,4,0.4225,0.743,0.118
sift-128-euclidean,bsa-pdx,0.362773,0.645,0.108,0.795,6,8,10,100,0.25,0.001,4,4,0.3688,0.673,0.108
sift-128-euclidean,bsa-pdx,0.306954,0.563,0.097,0.756,5,8,10,100,0.25,0.001,4,4,0.3154,0.625,0.097
sift-128-euclidean,bsa-pdx,0.243832,0.446,0.08,0.725,4,8,10,100,0.25,0.001,4,4,0.2564,0.545,0.08
sift-128-euclidean,bsa-pdx,0.194679,0.363,0.064,0.67,3,8,10,100,0.25,0.001,4,4,0.1991,0.432,0.064
sift-128-euclidean,bsa-pdx,0.129845,0.243,0.049,0.567,2,8,10,100,0.25,0.001,4,4,0.1372,0.318,0.049
sift-128-euclidean,bsa-pdx,0.0624462,0.108,0.03,0.368,1,8,10,100,0.25,0.001,4,4,0.06922,0.218,0.03
trevi-4096,bsa-pdx,4.9756,7.077,2.727,1,160,12,10,100,0.25,0.001,4,4,5.01,8.456,2.727
trevi-4096,bsa-pdx,4.96242,8.198,2.688,1,144,12,10,100,0.25,0.001,4,4,4.962,8.198,2.688
trevi-4096,bsa-pdx,4.88719,7.71,2.631,1,128,12,10,100,0.25,0.001,4,4,4.887,7.71,2.631
trevi-4096,bsa-pdx,4.79921,7.096,2.545,1,112,12,10,100,0.25,0.001,4,4,4.799,7.096,2.545
trevi-4096,bsa-pdx,4.74547,6.874,2.496,1,104,12,10,100,0.25,0.001,4,4,4.745,6.874,2.496
trevi-4096,bsa-pdx,4.69666,6.542,2.456,1,96,12,10,100,0.25,0.001,4,4,4.697,6.542,2.456
trevi-4096,bsa-pdx,4.62359,6.501,2.432,0.996,88,12,10,100,0.25,0.001,4,4,4.624,6.501,2.432
trevi-4096,bsa-pdx,4.55942,6.454,2.395,0.995,80,12,10,100,0.25,0.001,4,4,4.559,6.454,2.395
trevi-4096,bsa-pdx,4.47536,6.372,2.368,0.995,72,12,10,100,0.25,0.001,4,4,4.475,6.372,2.368
trevi-4096,bsa-pdx,4.38968,6.328,2.338,0.995,64,12,10,100,0.25,0.001,4,4,4.39,6.328,2.338
trevi-4096,bsa-pdx,4.27249,6.233,2.291,0.994,56,12,10,100,0.25,0.001,4,4,4.272,6.233,2.291
trevi-4096,bsa-pdx,4.15383,6.087,2.263,0.992,48,12,10,100,0.25,0.001,4,4,4.154,6.087,2.263
trevi-4096,bsa-pdx,4.00273,5.925,2.199,0.989,40,12,10,100,0.25,0.001,4,4,4.003,5.925,2.199
trevi-4096,bsa-pdx,3.83259,5.665,2.154,0.984,32,12,10,100,0.25,0.001,4,4,3.833,5.665,2.154
trevi-4096,bsa-pdx,3.7198,5.51,2.14,0.979,28,12,10,100,0.25,0.001,4,4,3.72,5.51,2.14
trevi-4096,bsa-pdx,3.57973,5.133,2.092,0.971,24,12,10,100,0.25,0.001,4,4,3.598,5.365,2.092
trevi-4096,bsa-pdx,3.43374,4.952,2.053,0.959,20,12,10,100,0.25,0.001,4,4,3.451,5.187,2.053
trevi-4096,bsa-pdx,3.26016,4.726,2.011,0.936,16,12,10,100,0.25,0.001,4,4,3.278,5.024,2.011
trevi-4096,bsa-pdx,3.17095,4.634,1.965,0.925,14,12,10,100,0.25,0.001,4,4,3.188,4.931,1.965
trevi-4096,bsa-pdx,3.01497,4.254,1.955,0.911,12,12,10,100,0.25,0.001,4,4,3.076,4.734,1.955
trevi-4096,bsa-pdx,2.90244,4.058,1.931,0.89,10,12,10,100,0.25,0.001,4,4,2.962,4.518,1.931
trevi-4096,bsa-pdx,2.84956,4.012,1.929,0.866,9,12,10,100,0.25,0.001,4,4,2.908,4.473,1.929
trevi-4096,bsa-pdx,2.77551,3.899,1.912,0.859,8,12,10,100,0.25,0.001,4,4,2.834,4.423,1.912
trevi-4096,bsa-pdx,2.71151,3.99,1.897,0.841,7,12,10,100,0.25,0.001,4,4,2.754,4.141,1.897
trevi-4096,bsa-pdx,2.61493,3.685,1.857,0.806,6,12,10,100,0.25,0.001,4,4,2.67,4.065,1.857
trevi-4096,bsa-pdx,2.51329,3.548,1.802,0.757,5,12,10,100,0.25,0.001,4,4,2.566,3.99,1.802
trevi-4096,bsa-pdx,2.40829,3.447,1.699,0.719,4,12,10,100,0.25,0.001,4,4,2.46,3.764,1.699
trevi-4096,bsa-pdx,2.306,3.417,1.631,0.654,3,12,10,100,0.25,0.001,4,4,2.343,3.67,1.631
trevi-4096,bsa-pdx,2.13234,3.124,1.499,0.507,2,12,10,100,0.25,0.001,4,4,2.178,3.351,1.499
trevi-4096,bsa-pdx,1.93502,2.772,1.392,0.338,1,12,10,100,0.25,0.001,4,4,1.971,3.13,1.392
msong-420,bsa-pdx,11.6912,28.071,1.216,0.966,160,12,10,100,0.25,0.001,4,4,11.69,28.07,1.216
msong-420,bsa-pdx,10.8639,25.604,1.13,0.959,144,12,10,100,0.25,0.001,4,4,10.86,25.6,1.13
msong-420,bsa-pdx,9.97409,23.383,1.061,0.95,128,12,10,100,0.25,0.001,4,4,9.974,23.38,1.061
msong-420,bsa-pdx,9.04955,21.513,0.966,0.944,112,12,10,100,0.25,0.001,4,4,9.05,21.51,0.966
msong-420,bsa-pdx,8.57066,20.606,0.928,0.933,104,12,10,100,0.25,0.001,4,4,8.571,20.61,0.928
msong-420,bsa-pdx,8.07331,19.4,0.885,0.928,96,12,10,100,0.25,0.001,4,4,8.073,19.4,0.885
msong-420,bsa-pdx,7.54924,17.98,0.831,0.914,88,12,10,100,0.25,0.001,4,4,7.549,17.98,0.831
msong-420,bsa-pdx,6.9937,16.602,0.77,0.894,80,12,10,100,0.25,0.001,4,4,6.994,16.6,0.77
msong-420,bsa-pdx,6.439,15.276,0.701,0.888,72,12,10,100,0.25,0.001,4,4,6.439,15.28,0.701
msong-420,bsa-pdx,5.84433,13.548,0.668,0.867,64,12,10,100,0.25,0.001,4,4,5.844,13.55,0.668
msong-420,bsa-pdx,5.23653,12.225,0.629,0.835,56,12,10,100,0.25,0.001,4,4,5.237,12.22,0.629
msong-420,bsa-pdx,4.6551,10.89,0.534,0.806,48,12,10,100,0.25,0.001,4,4,4.655,10.89,0.534
msong-420,bsa-pdx,4.04434,9.135,0.503,0.78,40,12,10,100,0.25,0.001,4,4,4.044,9.135,0.503
msong-420,bsa-pdx,3.39696,7.885,0.443,0.714,32,12,10,100,0.25,0.001,4,4,3.397,7.885,0.443
msong-420,bsa-pdx,3.02355,7.068,0.421,0.686,28,12,10,100,0.25,0.001,4,4,3.024,7.068,0.421
msong-420,bsa-pdx,2.68,6.586,0.373,0.642,24,12,10,100,0.25,0.001,4,4,2.68,6.586,0.373
msong-420,bsa-pdx,2.33809,5.686,0.325,0.594,20,12,10,100,0.25,0.001,4,4,2.338,5.686,0.325
msong-420,bsa-pdx,1.95651,4.779,0.287,0.538,16,12,10,100,0.25,0.001,4,4,1.957,4.779,0.287
msong-420,bsa-pdx,1.75222,4.188,0.27,0.504,14,12,10,100,0.25,0.001,4,4,1.752,4.188,0.27
msong-420,bsa-pdx,1.54787,3.92,0.244,0.483,12,12,10,100,0.25,0.001,4,4,1.548,3.92,0.244
msong-420,bsa-pdx,1.31654,3.21,0.21,0.446,10,12,10,100,0.25,0.001,4,4,1.317,3.21,0.21
msong-420,bsa-pdx,1.19576,2.545,0.207,0.429,9,12,10,100,0.25,0.001,4,4,1.215,3.164,0.207
msong-420,bsa-pdx,1.09758,2.67,0.182,0.401,8,12,10,100,0.25,0.001,4,4,1.098,2.67,0.182
msong-420,bsa-pdx,0.978413,2.318,0.159,0.37,7,12,10,100,0.25,0.001,4,4,0.9784,2.318,0.159
msong-420,bsa-pdx,0.880493,2.012,0.155,0.349,6,12,10,100,0.25,0.001,4,4,0.8805,2.012,0.155
msong-420,bsa-pdx,0.77032,1.633,0.145,0.319,5,12,10,100,0.25,0.001,4,4,0.7703,1.633,0.145
msong-420,bsa-pdx,0.64609,1.49,0.14,0.299,4,12,10,100,0.25,0.001,4,4,0.6461,1.49,0.14
msong-420,bsa-pdx,0.505407,1.013,0.113,0.228,3,12,10,100,0.25,0.001,4,4,0.513,1.269,0.113
msong-420,bsa-pdx,0.366953,0.877,0.095,0.169,2,12,10,100,0.25,0.001,4,4,0.367,0.877,0.095
msong-420,bsa-pdx,0.207226,0.434,0.061,0.127,1,12,10,100,0.25,0.001,4,4,0.2231,0.574,0.061
contriever-768,bsa-pdx,27.8477,47.928,13.108,0.997,160,12,10,100,0.25,0.001,4,4,27.85,47.93,13.11
contriever-768,bsa-pdx,25.8828,44.21,12.505,0.997,144,12,10,100,0.25,0.001,4,4,25.88,44.21,12.51
contriever-768,bsa-pdx,23.5031,39.675,11.526,0.997,128,12,10,100,0.25,0.001,4,4,23.5,39.67,11.53
contriever-768,bsa-pdx,21.023,36.069,10.268,0.997,112,12,10,100,0.25,0.001,4,4,21.02,36.07,10.27
contriever-768,bsa-pdx,19.7597,33.843,9.674,0.995,104,12,10,100,0.25,0.001,4,4,19.76,33.84,9.674
contriever-768,bsa-pdx,18.4962,31.737,9.218,0.995,96,12,10,100,0.25,0.001,4,4,18.5,31.74,9.218
contriever-768,bsa-pdx,17.2013,29.311,8.625,0.994,88,12,10,100,0.25,0.001,4,4,17.2,29.31,8.625
contriever-768,bsa-pdx,15.9182,26.913,8.014,0.992,80,12,10,100,0.25,0.001,4,4,15.92,26.91,8.014
contriever-768,bsa-pdx,14.6387,24.469,7.55,0.991,72,12,10,100,0.25,0.001,4,4,14.64,24.47,7.55
contriever-768,bsa-pdx,13.302,22.388,7.009,0.988,64,12,10,100,0.25,0.001,4,4,13.3,22.39,7.009
contriever-768,bsa-pdx,11.9501,20.626,6.319,0.987,56,12,10,100,0.25,0.001,4,4,11.95,20.63,6.319
contriever-768,bsa-pdx,10.5973,18.995,5.809,0.985,48,12,10,100,0.25,0.001,4,4,10.6,19,5.809
contriever-768,bsa-pdx,9.16668,16.558,5.225,0.983,40,12,10,100,0.25,0.001,4,4,9.167,16.56,5.225
contriever-768,bsa-pdx,7.63964,12.627,4.658,0.975,32,12,10,100,0.25,0.001,4,4,7.702,13.83,4.658
contriever-768,bsa-pdx,6.88726,11.555,4.307,0.973,28,12,10,100,0.25,0.001,4,4,6.945,12.69,4.307
contriever-768,bsa-pdx,6.11175,10.156,3.609,0.968,24,12,10,100,0.25,0.001,4,4,6.165,11.4,3.609
contriever-768,bsa-pdx,5.28544,8.866,3.051,0.963,20,12,10,100,0.25,0.001,4,4,5.332,9.94,3.051
contriever-768,bsa-pdx,4.42007,7.356,2.614,0.954,16,12,10,100,0.25,0.001,4,4,4.454,7.833,2.614
contriever-768,bsa-pdx,4.01505,6.764,2.337,0.95,14,12,10,100,0.25,0.001,4,4,4.015,6.764,2.337
contriever-768,bsa-pdx,3.52934,5.912,2.138,0.943,12,12,10,100,0.25,0.001,4,4,3.561,6.717,2.138
contriever-768,bsa-pdx,3.03163,5.073,1.799,0.933,10,12,10,100,0.25,0.001,4,4,3.082,5.813,1.799
contriever-768,bsa-pdx,2.77866,4.707,1.714,0.922,9,12,10,100,0.25,0.001,4,4,2.826,5.451,1.714
contriever-768,bsa-pdx,2.53973,4.376,1.412,0.913,8,12,10,100,0.25,0.001,4,4,2.583,4.923,1.412
contriever-768,bsa-pdx,2.29493,3.886,1.357,0.902,7,12,10,100,0.25,0.001,4,4,2.329,4.004,1.357
contriever-768,bsa-pdx,2.04415,3.467,1.13,0.892,6,12,10,100,0.25,0.001,4,4,2.071,3.637,1.13
contriever-768,bsa-pdx,1.77634,2.999,1.021,0.875,5,12,10,100,0.25,0.001,4,4,1.791,3.202,1.021
contriever-768,bsa-pdx,1.45835,2.387,0.846,0.847,4,12,10,100,0.25,0.001,4,4,1.495,2.99,0.846
contriever-768,bsa-pdx,1.18074,1.917,0.638,0.806,3,12,10,100,0.25,0.001,4,4,1.222,2.271,0.638
contriever-768,bsa-pdx,0.869572,1.427,0.363,0.733,2,12,10,100,0.25,0.001,4,4,0.8921,1.721,0.363
contriever-768,bsa-pdx,0.507368,0.978,0.07,0.57,1,12,10,100,0.25,0.001,4,4,0.5368,1.219,0.07
stl-9216,bsa-pdx,17.3529,28.686,9.778,1,160,12,10,100,0.25,0.001,4,4,17.35,28.69,9.778
stl-9216,bsa-pdx,17.3045,28.681,9.728,1,144,12,10,100,0.25,0.001,4,4,17.3,28.68,9.728
stl-9216,bsa-pdx,17.2009,28.516,9.7,1,128,12,10,100,0.25,0.001,4,4,17.2,28.52,9.7
stl-9216,bsa-pdx,17.1509,28.173,9.657,1,112,12,10,100,0.25,0.001,4,4,17.15,28.17,9.657
stl-9216,bsa-pdx,17.0946,28.128,9.63,1,104,12,10,100,0.25,0.001,4,4,17.09,28.13,9.63
stl-9216,bsa-pdx,17.0317,28.01,9.613,1,96,12,10,100,0.25,0.001,4,4,17.03,28.01,9.613
stl-9216,bsa-pdx,16.961,27.886,9.572,1,88,12,10,100,0.25,0.001,4,4,16.96,27.89,9.572
stl-9216,bsa-pdx,16.181,26.514,9.039,1,80,12,10,100,0.25,0.001,4,4,16.18,26.51,9.039
stl-9216,bsa-pdx,16.066,25.718,9.007,1,72,12,10,100,0.25,0.001,4,4,16.07,25.72,9.007
stl-9216,bsa-pdx,16.5841,26.07,9.478,1,64,12,10,100,0.25,0.001,4,4,16.58,26.07,9.478
stl-9216,bsa-pdx,16.3962,25.17,9.441,1,56,12,10,100,0.25,0.001,4,4,16.4,25.17,9.441
stl-9216,bsa-pdx,15.4755,23.711,8.916,1,48,12,10,100,0.25,0.001,4,4,15.48,23.71,8.916
stl-9216,bsa-pdx,15.1454,22.691,8.839,1,40,12,10,100,0.25,0.001,4,4,15.15,22.69,8.839
stl-9216,bsa-pdx,15.0657,22.438,8.836,1,32,12,10,100,0.25,0.001,4,4,15.07,22.44,8.836
stl-9216,bsa-pdx,14.9883,21.608,9.307,0.997,28,12,10,100,0.25,0.001,4,4,14.99,21.61,9.307
stl-9216,bsa-pdx,14.5797,21.013,9.281,0.994,24,12,10,100,0.25,0.001,4,4,14.58,21.01,9.281
stl-9216,bsa-pdx,14.0653,20.469,9.258,0.986,20,12,10,100,0.25,0.001,4,4,14.07,20.47,9.258
stl-9216,bsa-pdx,13.4274,19.542,9.233,0.97,16,12,10,100,0.25,0.001,4,4,13.43,19.54,9.233
stl-9216,bsa-pdx,13.0513,19.055,9.215,0.955,14,12,10,100,0.25,0.001,4,4,13.05,19.05,9.215
stl-9216,bsa-pdx,12.6371,18.629,9.206,0.943,12,12,10,100,0.25,0.001,4,4,12.64,18.63,9.206
stl-9216,bsa-pdx,12.1813,17.568,9.199,0.923,10,12,10,100,0.25,0.001,4,4,12.18,17.57,9.199
stl-9216,bsa-pdx,11.9062,16.388,9.176,0.901,9,12,10,100,0.25,0.001,4,4,11.91,16.39,9.176
stl-9216,bsa-pdx,11.6491,16.17,8.92,0.885,8,12,10,100,0.25,0.001,4,4,11.65,16.17,8.92
stl-9216,bsa-pdx,11.3775,15.606,8.828,0.855,7,12,10,100,0.25,0.001,4,4,11.38,15.61,8.828
stl-9216,bsa-pdx,10.9669,14.602,8.82,0.818,6,12,10,100,0.25,0.001,4,4,11.05,15.51,8.82
stl-9216,bsa-pdx,10.6559,14.006,8.747,0.774,5,12,10,100,0.25,0.001,4,4,10.74,15.17,8.747
stl-9216,bsa-pdx,10.1871,13.072,8.63,0.703,4,12,10,100,0.25,0.001,4,4,10.37,14.61,8.63
stl-9216,bsa-pdx,9.75752,12.133,8.492,0.607,3,12,10,100,0.25,0.001,4,4,9.957,13.79,8.492
stl-9216,bsa-pdx,9.39481,11.78,8.116,0.495,2,12,10,100,0.25,0.001,4,4,9.567,12.84,8.116
stl-9216,bsa-pdx,8.8926,10.287,7.933,0.297,1,12,10,100,0.25,0.001,4,4,9.067,11.78,7.933
gist-960-euclidean,bsa-pdx,15.578,30.008,1.436,0.995,160,8,10,100,0.25,0.001,4,4,15.58,30.01,1.436
gist-960-euclidean,bsa-pdx,14.7629,28.765,1.345,0.995,144,8,10,100,0.25,0.001,4,4,14.76,28.77,1.345
gist-960-euclidean,bsa-pdx,13.9145,27.494,1.256,0.993,128,8,10,100,0.25,0.001,4,4,13.91,27.49,1.256
gist-960-euclidean,bsa-pdx,12.9593,26.167,1.172,0.993,112,8,10,100,0.25,0.001,4,4,12.96,26.17,1.172
gist-960-euclidean,bsa-pdx,12.4504,25.224,1.135,0.993,104,8,10,100,0.25,0.001,4,4,12.45,25.22,1.135
gist-960-euclidean,bsa-pdx,11.832,24.316,1.074,0.991,96,8,10,100,0.25,0.001,4,4,11.83,24.32,1.074
gist-960-euclidean,bsa-pdx,11.2116,23.295,1.021,0.989,88,8,10,100,0.25,0.001,4,4,11.21,23.3,1.021
gist-960-euclidean,bsa-pdx,10.6102,22.931,0.973,0.986,80,8,10,100,0.25,0.001,4,4,10.61,22.93,0.973
gist-960-euclidean,bsa-pdx,10.1024,22.604,0.916,0.978,72,8,10,100,0.25,0.001,4,4,10.1,22.6,0.916
gist-960-euclidean,bsa-pdx,9.31625,20.602,0.886,0.974,64,8,10,100,0.25,0.001,4,4,9.445,22.22,0.886
gist-960-euclidean,bsa-pdx,8.5909,19.103,0.798,0.971,56,8,10,100,0.25,0.001,4,4,8.721,21.63,0.798
gist-960-euclidean,bsa-pdx,7.67054,17.555,0.738,0.965,48,8,10,100,0.25,0.001,4,4,7.926,20.77,0.738
gist-960-euclidean,bsa-pdx,6.52227,13.198,0.64,0.953,40,8,10,100,0.25,0.001,4,4,7.014,19.65,0.64
gist-960-euclidean,bsa-pdx,5.61717,11.375,0.562,0.932,32,8,10,100,0.25,0.001,4,4,6.054,17.6,0.562
gist-960-euclidean,bsa-pdx,5.12414,10.868,0.545,0.914,28,8,10,100,0.25,0.001,4,4,5.534,16.68,0.545
gist-960-euclidean,bsa-pdx,4.57512,9.916,0.509,0.894,24,8,10,100,0.25,0.001,4,4,5.015,15.47,0.509
gist-960-euclidean,bsa-pdx,4.06372,9.225,0.488,0.871,20,8,10,100,0.25,0.001,4,4,4.413,14,0.488
gist-960-euclidean,bsa-pdx,3.47146,8.066,0.424,0.837,16,8,10,100,0.25,0.001,4,4,3.8,12.69,0.424
gist-960-euclidean,bsa-pdx,3.13712,6.896,0.419,0.807,14,8,10,100,0.25,0.001,4,4,3.489,12.02,0.419
gist-960-euclidean,bsa-pdx,2.80904,6.572,0.387,0.776,12,8,10,100,0.25,0.001,4,4,3.127,10.66,0.387
gist-960-euclidean,bsa-pdx,2.402,5.56,0.352,0.732,10,8,10,100,0.25,0.001,4,4,2.741,9.748,0.352
gist-960-euclidean,bsa-pdx,2.1949,4.659,0.338,0.716,9,8,10,100,0.25,0.001,4,4,2.538,9.057,0.338
gist-960-euclidean,bsa-pdx,2.0106,4.237,0.319,0.695,8,8,10,100,0.25,0.001,4,4,2.346,7.742,0.319
gist-960-euclidean,bsa-pdx,1.83212,3.949,0.292,0.66,7,8,10,100,0.25,0.001,4,4,2.131,6.864,0.292
gist-960-euclidean,bsa-pdx,1.66017,3.635,0.235,0.627,6,8,10,100,0.25,0.001,4,4,1.933,6.415,0.235
gist-960-euclidean,bsa-pdx,1.43731,2.806,0.219,0.576,5,8,10,100,0.25,0.001,4,4,1.711,5.141,0.219
gist-960-euclidean,bsa-pdx,1.27201,2.653,0.217,0.538,4,8,10,100,0.25,0.001,4,4,1.499,4.719,0.217
gist-960-euclidean,bsa-pdx,1.11203,2.324,0.188,0.46,3,8,10,100,0.25,0.001,4,4,1.23,3.931,0.188
gist-960-euclidean,bsa-pdx,0.864213,1.676,0.17,0.344,2,8,10,100,0.25,0.001,4,4,0.9412,3.217,0.17
gist-960-euclidean,bsa-pdx,0.588564,1.168,0.151,0.224,1,8,10,100,0.25,0.001,4,4,0.642,1.902,0.151
deep-image-96-angular,bsa-pdx,11.6606,19.863,4.437,0.974,160,8,10,100,0.25,0.001,4,4,11.76,21.83,4.437
deep-image-96-angular,bsa-pdx,10.8484,20.07,4.115,0.974,144,8,10,100,0.25,0.001,4,4,10.85,20.07,4.115
deep-image-96-angular,bsa-pdx,9.95003,18.644,3.731,0.974,128,8,10,100,0.25,0.001,4,4,9.95,18.64,3.731
deep-image-96-angular,bsa-pdx,8.99756,16.357,3.275,0.974,112,8,10,100,0.25,0.001,4,4,8.998,16.36,3.275
deep-image-96-angular,bsa-pdx,8.49792,15.301,3.096,0.974,104,8,10,100,0.25,0.001,4,4,8.498,15.3,3.096
deep-image-96-angular,bsa-pdx,7.98176,14.351,2.843,0.974,96,8,10,100,0.25,0.001,4,4,7.982,14.35,2.843
deep-image-96-angular,bsa-pdx,7.48203,13.325,2.628,0.973,88,8,10,100,0.25,0.001,4,4,7.482,13.32,2.628
deep-image-96-angular,bsa-pdx,6.93313,12.176,2.407,0.971,80,8,10,100,0.25,0.001,4,4,6.933,12.18,2.407
deep-image-96-angular,bsa-pdx,6.39422,11.239,2.191,0.97,72,8,10,100,0.25,0.001,4,4,6.394,11.24,2.191
deep-image-96-angular,bsa-pdx,5.82919,10.683,1.976,0.966,64,8,10,100,0.25,0.001,4,4,5.829,10.68,1.976
deep-image-96-angular,bsa-pdx,5.2402,9.866,1.775,0.966,56,8,10,100,0.25,0.001,4,4,5.287,9.97,1.775
deep-image-96-angular,bsa-pdx,4.52113,8.546,1.576,0.963,48,8,10,100,0.25,0.001,4,4,4.707,9.258,1.576
deep-image-96-angular,bsa-pdx,3.87271,7.614,1.321,0.958,40,8,10,100,0.25,0.001,4,4,4.089,8.528,1.321
deep-image-96-angular,bsa-pdx,3.2324,6.454,1.104,0.95,32,8,10,100,0.25,0.001,4,4,3.436,7.643,1.104
deep-image-96-angular,bsa-pdx,2.90254,5.669,1.023,0.943,28,8,10,100,0.25,0.001,4,4,3.092,6.961,1.023
deep-image-96-angular,bsa-pdx,2.56687,5.022,0.892,0.937,24,8,10,100,0.25,0.001,4,4,2.737,6.581,0.892
deep-image-96-angular,bsa-pdx,2.20269,4.373,0.772,0.931,20,8,10,100,0.25,0.001,4,4,2.356,5.947,0.772
deep-image-96-angular,bsa-pdx,1.80078,3.437,0.629,0.916,16,8,10,100,0.25,0.001,4,4,1.952,5.183,0.629
deep-image-96-angular,bsa-pdx,1.60145,3.152,0.552,0.91,14,8,10,100,0.25,0.001,4,4,1.743,4.77,0.552
deep-image-96-angular,bsa-pdx,1.41868,2.821,0.495,0.899,12,8,10,100,0.25,0.001,4,4,1.527,4.214,0.495
deep-image-96-angular,bsa-pdx,1.20989,2.408,0.437,0.872,10,8,10,100,0.25,0.001,4,4,1.301,3.696,0.437
deep-image-96-angular,bsa-pdx,1.10669,2.257,0.387,0.86,9,8,10,100,0.25,0.001,4,4,1.187,3.212,0.387
deep-image-96-angular,bsa-pdx,0.994442,2.011,0.368,0.84,8,8,10,100,0.25,0.001,4,4,1.065,2.831,0.368
deep-image-96-angular,bsa-pdx,0.870013,1.747,0.34,0.817,7,8,10,100,0.25,0.001,4,4,0.9431,2.554,0.34
deep-image-96-angular,bsa-pdx,0.752024,1.535,0.296,0.791,6,8,10,100,0.25,0.001,4,4,0.8146,2.132,0.296
deep-image-96-angular,bsa-pdx,0.635669,1.209,0.26,0.758,5,8,10,100,0.25,0.001,4,4,0.7,1.737,0.26
deep-image-96-angular,bsa-pdx,0.534868,1.089,0.234,0.714,4,8,10,100,0.25,0.001,4,4,0.5762,1.467,0.234
deep-image-96-angular,bsa-pdx,0.412871,0.841,0.208,0.653,3,8,10,100,0.25,0.001,4,4,0.4429,1.152,0.208
deep-image-96-angular,bsa-pdx,0.284799,0.57,0.134,0.564,2,8,10,100,0.25,0.001,4,4,0.3182,0.86,0.134
deep-image-96-angular,bsa-pdx,0.158359,0.341,0.05,0.378,1,8,10,100,0.25,0.001,4,4,0.1669,0.395,0.05
instructorxl-arxiv-768,bsa-pdx,25.8168,43.177,11.612,0.994,160,12,10,100,0.25,0.001,4,4,25.82,43.18,11.61
instructorxl-arxiv-768,bsa-pdx,23.7017,39.327,10.725,0.994,144,12,10,100,0.25,0.001,4,4,23.7,39.33,10.72
instructorxl-arxiv-768,bsa-pdx,21.5394,36.07,9.894,0.991,128,12,10,100,0.25,0.001,4,4,21.54,36.07,9.894
instructorxl-arxiv-768,bsa-pdx,19.3491,32.561,8.846,0.988,112,12,10,100,0.25,0.001,4,4,19.35,32.56,8.846
instructorxl-arxiv-768,bsa-pdx,18.2188,30.738,8.327,0.986,104,12,10,100,0.25,0.001,4,4,18.22,30.74,8.327
instructorxl-arxiv-768,bsa-pdx,17.0675,28.965,7.863,0.986,96,12,10,100,0.25,0.001,4,4,17.07,28.96,7.863
instructorxl-arxiv-768,bsa-pdx,15.901,27.339,7.445,0.985,88,12,10,100,0.25,0.001,4,4,15.9,27.34,7.445
instructorxl-arxiv-768,bsa-pdx,14.7464,25.02,6.987,0.985,80,12,10,100,0.25,0.001,4,4,14.75,25.02,6.987
instructorxl-arxiv-768,bsa-pdx,13.3573,19.549,6.418,0.985,72,12,10,100,0.25,0.001,4,4,13.45,22.82,6.418
instructorxl-arxiv-768,bsa-pdx,12.0881,17.738,5.701,0.983,64,12,10,100,0.25,0.001,4,4,12.17,20.31,5.701
instructorxl-arxiv-768,bsa-pdx,10.8363,16.028,5.025,0.98,56,12,10,100,0.25,0.001,4,4,10.91,18.39,5.025
instructorxl-arxiv-768,bsa-pdx,9.53468,13.964,4.54,0.975,48,12,10,100,0.25,0.001,4,4,9.602,16.3,4.54
instructorxl-arxiv-768,bsa-pdx,8.17103,12.045,3.952,0.966,40,12,10,100,0.25,0.001,4,4,8.225,13.56,3.952
instructorxl-arxiv-768,bsa-pdx,6.81028,10.202,3.29,0.952,32,12,10,100,0.25,0.001,4,4,6.853,11.1,3.29
instructorxl-arxiv-768,bsa-pdx,6.15077,9.977,3.048,0.943,28,12,10,100,0.25,0.001,4,4,6.151,9.977,3.048
instructorxl-arxiv-768,bsa-pdx,5.42175,8.771,2.758,0.934,24,12,10,100,0.25,0.001,4,4,5.422,8.771,2.758
instructorxl-arxiv-768,bsa-pdx,4.70946,7.398,2.326,0.924,20,12,10,100,0.25,0.001,4,4,4.709,7.398,2.326
instructorxl-arxiv-768,bsa-pdx,3.95278,6.191,1.87,0.907,16,12,10,100,0.25,0.001,4,4,3.953,6.191,1.87
instructorxl-arxiv-768,bsa-pdx,3.56611,5.533,1.588,0.898,14,12,10,100,0.25,0.001,4,4,3.566,5.533,1.588
instructorxl-arxiv-768,bsa-pdx,3.16683,5.032,1.437,0.884,12,12,10,100,0.25,0.001,4,4,3.167,5.032,1.437
instructorxl-arxiv-768,bsa-pdx,2.75587,4.387,1.247,0.863,10,12,10,100,0.25,0.001,4,4,2.756,4.387,1.247
instructorxl-arxiv-768,bsa-pdx,2.54628,4.019,1.162,0.848,9,12,10,100,0.25,0.001,4,4,2.546,4.019,1.162
instructorxl-arxiv-768,bsa-pdx,2.32303,3.682,1.061,0.836,8,12,10,100,0.25,0.001,4,4,2.338,3.868,1.061
instructorxl-arxiv-768,bsa-pdx,2.10443,3.408,0.979,0.822,7,12,10,100,0.25,0.001,4,4,2.125,3.547,0.979
instructorxl-arxiv-768,bsa-pdx,1.88053,3.088,0.918,0.8,6,12,10,100,0.25,0.001,4,4,1.906,3.167,0.918
instructorxl-arxiv-768,bsa-pdx,1.67528,2.761,0.82,0.76,5,12,10,100,0.25,0.001,4,4,1.675,2.761,0.82
instructorxl-arxiv-768,bsa-pdx,1.42178,2.3,0.714,0.713,4,12,10,100,0.25,0.001,4,4,1.433,2.526,0.714
instructorxl-arxiv-768,bsa-pdx,1.18001,1.927,0.591,0.656,3,12,10,100,0.25,0.001,4,4,1.191,2.238,0.591
instructorxl-arxiv-768,bsa-pdx,0.899579,1.479,0.34,0.58,2,12,10,100,0.25,0.001,4,4,0.9178,2.102,0.34
instructorxl-arxiv-768,bsa-pdx,0.581552,0.918,0.281,0.424,1,12,10,100,0.25,0.001,4,4,0.6024,1.445,0.281
openai-1536-angular,bsa-pdx,12.1371,21.606,2.287,0.98,160,16,10,100,0.25,0.001,4,4,12.17,22.55,2.189
openai-1536-angular,bsa-pdx,11.3735,19.644,3.045,0.98,144,16,10,100,0.25,0.001,4,4,11.28,20.67,2.064
openai-1536-angular,bsa-pdx,10.4014,18.736,2.132,0.977,128,16,10,100,0.25,0.001,4,4,10.32,18.74,1.904
openai-1536-angular,bsa-pdx,9.45572,16.64,1.972,0.973,112,16,10,100,0.25,0.001,4,4,9.379,16.64,1.771
openai-1536-angular,bsa-pdx,8.98311,15.731,1.883,0.97,104,16,10,100,0.25,0.001,4,4,8.91,15.73,1.695
openai-1536-angular,bsa-pdx,8.47795,14.177,1.805,0.97,96,16,10,100,0.25,0.001,4,4,8.409,14.18,1.604
openai-1536-angular,bsa-pdx,7.97288,13.499,1.729,0.968,88,16,10,100,0.25,0.001,4,4,7.909,13.5,1.538
openai-1536-angular,bsa-pdx,7.38178,12.327,1.467,0.965,80,16,10,100,0.25,0.001,4,4,7.382,12.33,1.467
openai-1536-angular,bsa-pdx,6.86733,11.471,1.389,0.96,72,16,10,100,0.25,0.001,4,4,6.867,11.47,1.389
openai-1536-angular,bsa-pdx,6.32841,10.629,1.299,0.957,64,16,10,100,0.25,0.001,4,4,6.328,10.63,1.299
openai-1536-angular,bsa-pdx,5.78347,9.771,1.217,0.952,56,16,10,100,0.25,0.001,4,4,5.783,9.771,1.217
openai-1536-angular,bsa-pdx,5.21685,8.803,1.114,0.949,48,16,10,100,0.25,0.001,4,4,5.217,8.803,1.114
openai-1536-angular,bsa-pdx,4.63714,8.067,1.023,0.943,40,16,10,100,0.25,0.001,4,4,4.637,8.067,1.023
openai-1536-angular,bsa-pdx,4.00994,7.455,0.911,0.934,32,16,10,100,0.25,0.001,4,4,4.01,7.455,0.911
openai-1536-angular,bsa-pdx,3.66102,6.507,0.849,0.932,28,16,10,100,0.25,0.001,4,4,3.695,7.019,0.849
openai-1536-angular,bsa-pdx,3.34551,6.102,0.818,0.925,24,16,10,100,0.25,0.001,4,4,3.378,6.576,0.818
openai-1536-angular,bsa-pdx,3.02379,5.563,0.754,0.911,20,16,10,100,0.25,0.001,4,4,3.051,5.776,0.754
openai-1536-angular,bsa-pdx,2.64636,4.713,0.719,0.9,16,16,10,100,0.25,0.001,4,4,2.698,5.331,0.719
openai-1536-angular,bsa-pdx,2.43535,4.174,0.692,0.89,14,16,10,100,0.25,0.001,4,4,2.505,5.052,0.692
openai-1536-angular,bsa-pdx,2.27904,3.95,0.672,0.878,12,16,10,100,0.25,0.001,4,4,2.33,4.909,0.672
openai-1536-angular,bsa-pdx,2.09141,3.551,0.655,0.866,10,16,10,100,0.25,0.001,4,4,2.141,4.698,0.655
openai-1536-angular,bsa-pdx,1.97926,3.212,0.644,0.857,9,16,10,100,0.25,0.001,4,4,2.028,4.456,0.644
openai-1536-angular,bsa-pdx,1.87666,3.051,0.632,0.851,8,16,10,100,0.25,0.001,4,4,1.925,4.309,0.632
openai-1536-angular,bsa-pdx,1.77501,2.898,0.61,0.83,7,16,10,100,0.25,0.001,4,4,1.821,4.104,0.61
openai-1536-angular,bsa-pdx,1.66465,2.809,0.589,0.81,6,16,10,100,0.25,0.001,4,4,1.709,3.995,0.589
openai-1536-angular,bsa-pdx,1.55551,2.719,0.573,0.793,5,16,10,100,0.25,0.001,4,4,1.6,3.84,0.573
openai-1536-angular,bsa-pdx,1.4397,2.609,0.562,0.768,4,16,10,100,0.25,0.001,4,4,1.482,3.633,0.562
openai-1536-angular,bsa-pdx,1.27597,2.39,0.557,0.724,3,16,10,100,0.25,0.001,4,4,1.345,3.459,0.557
openai-1536-angular,bsa-pdx,1.10036,2.108,0.524,0.669,2,16,10,100,0.25,0.001,4,4,1.182,3.181,0.524
openai-1536-angular,bsa-pdx,0.825122,1.494,0.432,0.551,1,16,10,100,0.25,0.001,4,4,0.9783,2.968,0.432
